<?xml version="1.0" encoding="UTF-8"?>
<ivy-module version="2.0" xmlns:m="http://ant.apache.org/ivy/maven">
	<info organisation="com.amazonaws"
		module="aws-java-sdk"
		revision="1.7.4"
		status="release"
		publication="20140320181241"
	>
		<license name="Apache License, Version 2.0" url="https://aws.amazon.com/apache2.0" />
		<description homepage="https://aws.amazon.com/sdkforjava">
		The Amazon Web Services SDK for Java provides Java APIs for building software on AWS&apos; cost-effective, scalable, and reliable infrastructure products. The AWS Java SDK allows developers to code against APIs for all of Amazon&apos;s infrastructure web services (Amazon S3, Amazon EC2, Amazon SQS, Amazon Relational Database Service, Amazon AutoScaling, etc).
		</description>
		<m:properties__spring.version>3.0.7.RELEASE</m:properties__spring.version>
		<m:properties__jackson.version>2.1.1</m:properties__jackson.version>
		<m:maven.plugins>org.apache.maven.plugins__maven-compiler-plugin__2.3</m:maven.plugins>
	</info>
	<configurations>
		<conf name="default" visibility="public" description="runtime dependencies and master artifact can be used with this conf" extends="runtime,master"/>
		<conf name="master" visibility="public" description="contains only the artifact published by this module itself, with no transitive dependencies"/>
		<conf name="compile" visibility="public" description="this is the default scope, used if none is specified. Compile dependencies are available in all classpaths."/>
		<conf name="provided" visibility="public" description="this is much like compile, but indicates you expect the JDK or a container to provide it. It is only available on the compilation classpath, and is not transitive."/>
		<conf name="runtime" visibility="public" description="this scope indicates that the dependency is not required for compilation, but is for execution. It is in the runtime and test classpaths, but not the compile classpath." extends="compile"/>
		<conf name="test" visibility="private" description="this scope indicates that the dependency is not required for normal use of the application, and is only available for the test compilation and execution phases." extends="runtime"/>
		<conf name="system" visibility="public" description="this scope is similar to provided except that you have to provide the JAR which contains it explicitly. The artifact is always available and is not looked up in a repository."/>
		<conf name="sources" visibility="public" description="this configuration contains the source artifact of this module, if any."/>
		<conf name="javadoc" visibility="public" description="this configuration contains the javadoc artifact of this module, if any."/>
		<conf name="optional" visibility="public" description="contains all optional dependencies"/>
	</configurations>
	<publications>
		<artifact name="aws-java-sdk" type="jar" ext="jar" conf="master"/>
		<artifact name="aws-java-sdk" type="source" ext="jar" conf="sources" m:classifier="sources"/>
		<artifact name="aws-java-sdk" type="javadoc" ext="jar" conf="javadoc" m:classifier="javadoc"/>
	</publications>
	<dependencies>
		<dependency org="commons-logging" name="commons-logging" rev="1.1.1" force="true" conf="compile->compile(*),master(*);runtime->runtime(*)"/>
		<dependency org="org.apache.httpcomponents" name="httpclient" rev="4.2" force="true" conf="compile->compile(*),master(*);runtime->runtime(*)"/>
		<dependency org="commons-codec" name="commons-codec" rev="1.3" force="true" conf="compile->compile(*),master(*);runtime->runtime(*)"/>
		<dependency org="com.fasterxml.jackson.core" name="jackson-core" rev="2.1.1" force="true" conf="compile->compile(*),master(*);runtime->runtime(*)"/>
		<dependency org="com.fasterxml.jackson.core" name="jackson-databind" rev="2.1.1" force="true" conf="compile->compile(*),master(*);runtime->runtime(*)"/>
		<dependency org="com.fasterxml.jackson.core" name="jackson-annotations" rev="2.1.1" force="true" conf="compile->compile(*),master(*);runtime->runtime(*)"/>
		<dependency org="joda-time" name="joda-time" rev="[2.2,)" force="true" conf="compile->compile(*),master(*);runtime->runtime(*)"/>
		<dependency org="javax.mail" name="mail" rev="1.4" force="true" conf="optional->compile(*),master(*)"/>
		<dependency org="org.freemarker" name="freemarker" rev="2.3.9" force="true" conf="optional->compile(*),master(*)"/>
		<dependency org="org.springframework" name="spring-beans" rev="3.0.7.RELEASE" force="true" conf="optional->compile(*),master(*)"/>
		<dependency org="org.springframework" name="spring-core" rev="3.0.7.RELEASE" force="true" conf="optional->compile(*),master(*)"/>
		<dependency org="org.springframework" name="spring-context" rev="3.0.7.RELEASE" force="true" conf="optional->compile(*),master(*)"/>
		<dependency org="org.springframework" name="spring-test" rev="3.0.7.RELEASE" force="true" conf="optional->compile(*),master(*)"/>
		<dependency org="org.aspectj" name="aspectjrt" rev="1.6.0" force="true" conf="optional->compile(*),master(*)"/>
		<dependency org="stax" name="stax-api" rev="1.0.1" force="true" conf="optional->compile(*),master(*)"/>
		<dependency org="stax" name="stax" rev="1.2.0" force="true" conf="optional->compile(*),master(*)"/>
		<dependency org="junit" name="junit" rev="4.11" force="true" conf="optional->compile(*),master(*)"/>
	</dependencies>
</ivy-module>
