<?xml version="1.0" encoding="UTF-8"?>
<ivy-module version="2.0" xmlns:m="http://ant.apache.org/ivy/maven">
	<info organisation="org.apache.htrace"
		module="htrace"
		revision="3.1.0-incubating"
		status="release"
		publication="20150115193643"
	>
		<license name="The Apache Software License, Version 2.0" url="http://www.apache.org/licenses/LICENSE-2.0.txt" />
		<description homepage="http://htrace.incubator.apache.org">
		A tracing framework for use with distributed systems written in java
		</description>
		<m:properties__targetJdk>1.6</m:properties__targetJdk>
		<m:properties__failIfNoTests>false</m:properties__failIfNoTests>
		<m:properties__distMgmtSnapshotsUrl>https://repository.apache.org/content/repositories/snapshots</m:properties__distMgmtSnapshotsUrl>
		<m:properties__project.build.sourceEncoding>UTF-8</m:properties__project.build.sourceEncoding>
		<m:properties__gpg.useagent>true</m:properties__gpg.useagent>
		<m:properties__distMgmtSnapshotsName>Apache Development Snapshot Repository</m:properties__distMgmtSnapshotsName>
		<m:properties__arguments/>
		<m:properties__sourceReleaseAssemblyDescriptor>source-release</m:properties__sourceReleaseAssemblyDescriptor>
		<m:properties__organization.logo>http://www.apache.org/images/asf_logo_wide.gif</m:properties__organization.logo>
		<m:maven.plugins>org.apache.maven.plugins__maven-remote-resources-plugin__null|org.apache.maven.plugins__maven-remote-resources-plugin__null|org.apache.maven.plugins__maven-shade-plugin__2.1|org.apache.maven.plugins__maven-gpg-plugin__null|null__maven-deploy-plugin__null|org.apache.maven.plugins__maven-site-plugin__3.4|null__maven-assembly-plugin__2.5.3|org.apache.maven.plugins__maven-surefire-plugin__null</m:maven.plugins>
		<m:dependency.management__commons-logging__commons-logging__version>1.1.1</m:dependency.management__commons-logging__commons-logging__version>
		<m:dependency.management__com.google.guava__guava__version>12.0.1</m:dependency.management__com.google.guava__guava__version>
		<m:dependency.management__junit__junit__version>4.10</m:dependency.management__junit__junit__version>
		<m:dependency.management__junit__junit__scope>test</m:dependency.management__junit__junit__scope>
	</info>
	<configurations>
		<conf name="default" visibility="public" description="runtime dependencies and master artifact can be used with this conf" extends="runtime,master"/>
		<conf name="master" visibility="public" description="contains only the artifact published by this module itself, with no transitive dependencies"/>
		<conf name="compile" visibility="public" description="this is the default scope, used if none is specified. Compile dependencies are available in all classpaths."/>
		<conf name="provided" visibility="public" description="this is much like compile, but indicates you expect the JDK or a container to provide it. It is only available on the compilation classpath, and is not transitive."/>
		<conf name="runtime" visibility="public" description="this scope indicates that the dependency is not required for compilation, but is for execution. It is in the runtime and test classpaths, but not the compile classpath." extends="compile"/>
		<conf name="test" visibility="private" description="this scope indicates that the dependency is not required for normal use of the application, and is only available for the test compilation and execution phases." extends="runtime"/>
		<conf name="system" visibility="public" description="this scope is similar to provided except that you have to provide the JAR which contains it explicitly. The artifact is always available and is not looked up in a repository."/>
		<conf name="sources" visibility="public" description="this configuration contains the source artifact of this module, if any."/>
		<conf name="javadoc" visibility="public" description="this configuration contains the javadoc artifact of this module, if any."/>
		<conf name="optional" visibility="public" description="contains all optional dependencies"/>
	</configurations>
	<publications>
	</publications>
</ivy-module>
