<?xml version="1.0" encoding="UTF-8"?>
<ivy-module version="2.0" xmlns:m="http://ant.apache.org/ivy/maven">
	<info organisation="com.fasterxml.jackson.core"
		module="jackson-core"
		revision="2.2.3"
		status="release"
		publication="20130823032008"
	>
		<description homepage="http://wiki.fasterxml.com/JacksonHome">
		Core Jackson abstractions, basic JSON streaming API implementation
		</description>
		<m:properties__packageVersion.dir>com/fasterxml/jackson/core/json</m:properties__packageVersion.dir>
		<m:properties__packageVersion.package>com.fasterxml.jackson.core.json</m:properties__packageVersion.package>
		<m:properties__osgi.export>com.fasterxml.jackson.core;version=${project.version},
com.fasterxml.jackson.core.*;version=${project.version}
    </m:properties__osgi.export>
		<m:properties__packageVersion.template.input>${basedir}/src/main/java/${packageVersion.dir}/PackageVersion.java.in</m:properties__packageVersion.template.input>
		<m:properties__osgi.private/>
		<m:properties__javac.target.version>1.6</m:properties__javac.target.version>
		<m:properties__osgi.import>*</m:properties__osgi.import>
		<m:properties__javadoc.version>2.8.1</m:properties__javadoc.version>
		<m:properties__generatedSourcesDir>${project.build.directory}/generated-sources</m:properties__generatedSourcesDir>
		<m:properties__project.reporting.outputEncoding>UTF-8</m:properties__project.reporting.outputEncoding>
		<m:properties__surefire.version>2.12</m:properties__surefire.version>
		<m:properties__javadoc.maxmemory>1g</m:properties__javadoc.maxmemory>
		<m:properties__project.build.resourceEncoding>UTF-8</m:properties__project.build.resourceEncoding>
		<m:properties__javac.src.version>1.6</m:properties__javac.src.version>
		<m:properties__maven.build.timestamp.format>yyyy-MM-dd HH:mm:ssZ</m:properties__maven.build.timestamp.format>
		<m:properties__osgi.requiredExecutionEnvironment/>
		<m:properties__project.build.sourceEncoding>UTF-8</m:properties__project.build.sourceEncoding>
		<m:properties__osgi.dynamicImport/>
		<m:properties__replacer.version>1.5.2</m:properties__replacer.version>
		<m:properties__packageVersion.template.output>${generatedSourcesDir}/${packageVersion.dir}/PackageVersion.java</m:properties__packageVersion.template.output>
		<m:maven.plugins>org.apache.maven.plugins__maven-enforcer-plugin__1.1.1|org.apache.maven.plugins__maven-compiler-plugin__2.5.1|org.codehaus.mojo__build-helper-maven-plugin__null|org.apache.maven.plugins__maven-surefire-plugin__2.12|org.apache.felix__maven-bundle-plugin__2.3.7|org.apache.maven.plugins__maven-jar-plugin__2.4|null__maven-site-plugin__null|org.apache.maven.plugins__maven-scm-plugin__1.7|org.apache.maven.plugins__maven-enforcer-plugin__1.1.1|org.apache.maven.plugins__maven-compiler-plugin__2.5.1|org.codehaus.mojo__build-helper-maven-plugin__null|org.apache.maven.plugins__maven-surefire-plugin__2.12|org.apache.felix__maven-bundle-plugin__2.3.7|org.apache.maven.plugins__maven-jar-plugin__2.4|null__maven-site-plugin__null|org.apache.maven.plugins__maven-scm-plugin__1.7|org.apache.maven.plugins__maven-javadoc-plugin__2.8.1|org.apache.maven.plugins__maven-site-plugin__3.1|org.apache.maven.plugins__maven-surefire-plugin__2.12|com.google.code.maven-replacer-plugin__replacer__null</m:maven.plugins>
	</info>
	<configurations>
		<conf name="default" visibility="public" description="runtime dependencies and master artifact can be used with this conf" extends="runtime,master"/>
		<conf name="master" visibility="public" description="contains only the artifact published by this module itself, with no transitive dependencies"/>
		<conf name="compile" visibility="public" description="this is the default scope, used if none is specified. Compile dependencies are available in all classpaths."/>
		<conf name="provided" visibility="public" description="this is much like compile, but indicates you expect the JDK or a container to provide it. It is only available on the compilation classpath, and is not transitive."/>
		<conf name="runtime" visibility="public" description="this scope indicates that the dependency is not required for compilation, but is for execution. It is in the runtime and test classpaths, but not the compile classpath." extends="compile"/>
		<conf name="test" visibility="private" description="this scope indicates that the dependency is not required for normal use of the application, and is only available for the test compilation and execution phases." extends="runtime"/>
		<conf name="system" visibility="public" description="this scope is similar to provided except that you have to provide the JAR which contains it explicitly. The artifact is always available and is not looked up in a repository."/>
		<conf name="sources" visibility="public" description="this configuration contains the source artifact of this module, if any."/>
		<conf name="javadoc" visibility="public" description="this configuration contains the javadoc artifact of this module, if any."/>
		<conf name="optional" visibility="public" description="contains all optional dependencies"/>
	</configurations>
	<publications>
		<artifact name="jackson-core" type="jar" ext="jar" conf="master"/>
		<artifact name="jackson-core" type="source" ext="jar" conf="sources" m:classifier="sources"/>
		<artifact name="jackson-core" type="javadoc" ext="jar" conf="javadoc" m:classifier="javadoc"/>
	</publications>
	<dependencies>
		<dependency org="junit" name="junit" rev="4.8.2" force="true" conf="test->runtime(*),master(*)"/>
	</dependencies>
</ivy-module>
