<?xml version="1.0" encoding="UTF-8"?>
<ivy-module version="2.0" xmlns:m="http://ant.apache.org/ivy/maven">
	<info organisation="org.xerial.snappy"
		module="snappy-java"
		revision="1.0.4.1"
		status="release"
		publication="20111005013507"
	>
		<license name="The Apache Software License, Version 2.0" url="http://www.apache.org/licenses/LICENSE-2.0.txt" />
		<description homepage="http://code.google.com/p/snappy-java/">
		snappy-java: A fast compression/decompression library
		</description>
		<m:properties__project.build.sourceEncoding>UTF-8</m:properties__project.build.sourceEncoding>
		<m:maven.plugins>org.apache.maven.plugins__maven-resources-plugin__2.5|org.apache.maven.plugins__maven-compiler-plugin__2.0.2|null__maven-release-plugin__2.1|org.apache.maven.plugins__maven-javadoc-plugin__2.8|org.apache.maven.plugins__maven-source-plugin__2.1.2|org.apache.felix__maven-bundle-plugin__2.3.4|null__maven-assembly-plugin__2.2.1</m:maven.plugins>
	</info>
	<configurations>
		<conf name="default" visibility="public" description="runtime dependencies and master artifact can be used with this conf" extends="runtime,master"/>
		<conf name="master" visibility="public" description="contains only the artifact published by this module itself, with no transitive dependencies"/>
		<conf name="compile" visibility="public" description="this is the default scope, used if none is specified. Compile dependencies are available in all classpaths."/>
		<conf name="provided" visibility="public" description="this is much like compile, but indicates you expect the JDK or a container to provide it. It is only available on the compilation classpath, and is not transitive."/>
		<conf name="runtime" visibility="public" description="this scope indicates that the dependency is not required for compilation, but is for execution. It is in the runtime and test classpaths, but not the compile classpath." extends="compile"/>
		<conf name="test" visibility="private" description="this scope indicates that the dependency is not required for normal use of the application, and is only available for the test compilation and execution phases." extends="runtime"/>
		<conf name="system" visibility="public" description="this scope is similar to provided except that you have to provide the JAR which contains it explicitly. The artifact is always available and is not looked up in a repository."/>
		<conf name="sources" visibility="public" description="this configuration contains the source artifact of this module, if any."/>
		<conf name="javadoc" visibility="public" description="this configuration contains the javadoc artifact of this module, if any."/>
		<conf name="optional" visibility="public" description="contains all optional dependencies"/>
	</configurations>
	<publications>
		<artifact name="snappy-java" type="bundle" ext="jar" conf="master"/>
		<artifact name="snappy-java" type="source" ext="jar" conf="sources" m:classifier="sources"/>
		<artifact name="snappy-java" type="javadoc" ext="jar" conf="javadoc" m:classifier="javadoc"/>
	</publications>
	<dependencies>
		<dependency org="junit" name="junit" rev="4.8.2" force="true" conf="test->runtime(*),master(*)"/>
		<dependency org="org.codehaus.plexus" name="plexus-classworlds" rev="2.4" force="true" conf="test->runtime(*),master(*)"/>
		<dependency org="org.osgi" name="core" rev="4.3.0" force="true" conf="provided->compile(*),provided(*),runtime(*),master(*)"/>
		<dependency org="org.xerial" name="xerial-core" rev="1.0.21" force="true" conf="test->runtime(*),master(*)"/>
	</dependencies>
</ivy-module>
