<?xml version="1.0" encoding="UTF-8"?>
<ivy-module version="2.0" xmlns:m="http://ant.apache.org/ivy/maven">
	<info organisation="org.apache.zookeeper"
		module="zookeeper"
		revision="3.4.6"
		status="release"
		publication="20140223171855"
	>
		<description homepage="" />
	</info>
	<configurations>
		<conf name="default" visibility="public" description="runtime dependencies and master artifact can be used with this conf" extends="runtime,master"/>
		<conf name="master" visibility="public" description="contains only the artifact published by this module itself, with no transitive dependencies"/>
		<conf name="compile" visibility="public" description="this is the default scope, used if none is specified. Compile dependencies are available in all classpaths."/>
		<conf name="provided" visibility="public" description="this is much like compile, but indicates you expect the JDK or a container to provide it. It is only available on the compilation classpath, and is not transitive."/>
		<conf name="runtime" visibility="public" description="this scope indicates that the dependency is not required for compilation, but is for execution. It is in the runtime and test classpaths, but not the compile classpath." extends="compile"/>
		<conf name="test" visibility="private" description="this scope indicates that the dependency is not required for normal use of the application, and is only available for the test compilation and execution phases." extends="runtime"/>
		<conf name="system" visibility="public" description="this scope is similar to provided except that you have to provide the JAR which contains it explicitly. The artifact is always available and is not looked up in a repository."/>
		<conf name="sources" visibility="public" description="this configuration contains the source artifact of this module, if any."/>
		<conf name="javadoc" visibility="public" description="this configuration contains the javadoc artifact of this module, if any."/>
		<conf name="optional" visibility="public" description="contains all optional dependencies"/>
	</configurations>
	<publications>
		<artifact name="zookeeper" type="jar" ext="jar" conf="master"/>
		<artifact name="zookeeper" type="source" ext="jar" conf="sources" m:classifier="sources"/>
		<artifact name="zookeeper" type="javadoc" ext="jar" conf="javadoc" m:classifier="javadoc"/>
	</publications>
	<dependencies>
		<dependency org="org.slf4j" name="slf4j-api" rev="1.6.1" force="true" conf="compile->compile(*),master(*);runtime->runtime(*)"/>
		<dependency org="org.slf4j" name="slf4j-log4j12" rev="1.6.1" force="true" conf="compile->compile(*),master(*);runtime->runtime(*)"/>
		<dependency org="org.apache.maven.wagon" name="wagon-http" rev="2.4" force="true" conf="optional->compile(*),master(*)"/>
		<dependency org="org.apache.maven" name="maven-ant-tasks" rev="2.1.3" force="true" conf="optional->compile(*),master(*)"/>
		<dependency org="log4j" name="log4j" rev="1.2.16" force="true" conf="compile->compile(*),master(*);runtime->runtime(*)"/>
		<dependency org="jline" name="jline" rev="0.9.94" force="true" conf="compile->compile(*),master(*);runtime->runtime(*)"/>
		<dependency org="io.netty" name="netty" rev="3.7.0.Final" force="true" conf="compile->compile(*),master(*);runtime->runtime(*)"/>
		<dependency org="org.vafer" name="jdeb" rev="0.8" force="true" conf="optional->compile(*),master(*)"/>
		<dependency org="junit" name="junit" rev="4.8.1" force="true" conf="test->runtime(*),master(*)"/>
		<dependency org="org.mockito" name="mockito-all" rev="1.8.2" force="true" conf="test->runtime(*),master(*)"/>
		<dependency org="checkstyle" name="checkstyle" rev="5.0" force="true" conf="test->runtime(*),master(*)"/>
		<dependency org="jdiff" name="jdiff" rev="1.0.9" force="true" conf="optional->compile(*),master(*)"/>
		<dependency org="xerces" name="xerces" rev="1.4.4" force="true" conf="optional->compile(*),master(*)"/>
		<dependency org="org.apache.rat" name="apache-rat-tasks" rev="0.6" force="true" conf="optional->compile(*),master(*)"/>
		<dependency org="commons-lang" name="commons-lang" rev="2.4" force="true" conf="optional->compile(*),master(*)"/>
		<dependency org="commons-collections" name="commons-collections" rev="3.1" force="true" conf="optional->compile(*),master(*)"/>
	</dependencies>
</ivy-module>
