<?xml version="1.0" encoding="UTF-8"?>
<ivy-module version="2.0" xmlns:m="http://ant.apache.org/ivy/maven">
	<info organisation="commons-httpclient"
		module="commons-httpclient"
		revision="3.1"
		status="release"
		publication="20070821134407"
	>
		<license name="Apache License" url="http://www.apache.org/licenses/LICENSE-2.0" />
		<description homepage="http://jakarta.apache.org/httpcomponents/httpclient-3.x/">
		The HttpClient  component supports the client-side of RFC 1945 (HTTP/1.0)  and RFC 2616 (HTTP/1.1) , several related specifications (RFC 2109 (Cookies) , RFC 2617 (HTTP Authentication) , etc.), and provides a framework by which new request types (methods) or HTTP extensions can be created easily.
		</description>
		<m:maven.plugins>null__maven-surefire-plugin__null</m:maven.plugins>
	</info>
	<configurations>
		<conf name="default" visibility="public" description="runtime dependencies and master artifact can be used with this conf" extends="runtime,master"/>
		<conf name="master" visibility="public" description="contains only the artifact published by this module itself, with no transitive dependencies"/>
		<conf name="compile" visibility="public" description="this is the default scope, used if none is specified. Compile dependencies are available in all classpaths."/>
		<conf name="provided" visibility="public" description="this is much like compile, but indicates you expect the JDK or a container to provide it. It is only available on the compilation classpath, and is not transitive."/>
		<conf name="runtime" visibility="public" description="this scope indicates that the dependency is not required for compilation, but is for execution. It is in the runtime and test classpaths, but not the compile classpath." extends="compile"/>
		<conf name="test" visibility="private" description="this scope indicates that the dependency is not required for normal use of the application, and is only available for the test compilation and execution phases." extends="runtime"/>
		<conf name="system" visibility="public" description="this scope is similar to provided except that you have to provide the JAR which contains it explicitly. The artifact is always available and is not looked up in a repository."/>
		<conf name="sources" visibility="public" description="this configuration contains the source artifact of this module, if any."/>
		<conf name="javadoc" visibility="public" description="this configuration contains the javadoc artifact of this module, if any."/>
		<conf name="optional" visibility="public" description="contains all optional dependencies"/>
	</configurations>
	<publications>
		<artifact name="commons-httpclient" type="jar" ext="jar" conf="master"/>
		<artifact name="commons-httpclient" type="source" ext="jar" conf="sources" m:classifier="sources"/>
	</publications>
	<dependencies>
		<dependency org="junit" name="junit" rev="3.8.1" force="true" conf="test->runtime(*),master(*)"/>
		<dependency org="commons-logging" name="commons-logging" rev="1.0.4" force="true" conf="compile->compile(*),master(*);runtime->runtime(*)"/>
		<dependency org="commons-codec" name="commons-codec" rev="1.2" force="true" conf="compile->compile(*),master(*);runtime->runtime(*)"/>
	</dependencies>
</ivy-module>
