<?xml version="1.0" encoding="UTF-8"?>
<ivy-module version="2.0" xmlns:m="http://ant.apache.org/ivy/maven">
	<info organisation="org.apache.hadoop"
		module="hadoop-main"
		revision="2.7.2"
		status="release"
		publication="20160114213121"
	>
		<license name="Apache License, Version 2.0" url="http://www.apache.org/licenses/LICENSE-2.0.txt" />
		<description homepage="">
		Apache Hadoop Main
		</description>
		<m:properties__maven-bundle-plugin.version>2.5.0</m:properties__maven-bundle-plugin.version>
		<m:properties__distMgmtSnapshotsUrl>https://repository.apache.org/content/repositories/snapshots</m:properties__distMgmtSnapshotsUrl>
		<m:properties__distMgmtStagingUrl>https://repository.apache.org/service/local/staging/deploy/maven2</m:properties__distMgmtStagingUrl>
		<m:properties__apache-rat-plugin.version>0.10</m:properties__apache-rat-plugin.version>
		<m:properties__wagon-ssh.version>1.0</m:properties__wagon-ssh.version>
		<m:properties__distMgmtStagingName>Apache Release Distribution Repository</m:properties__distMgmtStagingName>
		<m:properties__project.reporting.outputEncoding>UTF-8</m:properties__project.reporting.outputEncoding>
		<m:properties__maven-assembly-plugin.version>2.4</m:properties__maven-assembly-plugin.version>
		<m:properties__distMgmtSnapshotsId>apache.snapshots.https</m:properties__distMgmtSnapshotsId>
		<m:properties__maven-dependency-plugin.version>2.8</m:properties__maven-dependency-plugin.version>
		<m:properties__maven-enforcer-plugin.version>1.3.1</m:properties__maven-enforcer-plugin.version>
		<m:properties__maven-javadoc-plugin.version>2.9.1</m:properties__maven-javadoc-plugin.version>
		<m:properties__distMgmtStagingId>apache.staging.https</m:properties__distMgmtStagingId>
		<m:properties__maven-antrun-plugin.version>1.7</m:properties__maven-antrun-plugin.version>
		<m:properties__maven-clover2-plugin.version>3.3.0</m:properties__maven-clover2-plugin.version>
		<m:properties__project.build.sourceEncoding>UTF-8</m:properties__project.build.sourceEncoding>
		<m:properties__distMgmtSnapshotsName>Apache Development Snapshot Repository</m:properties__distMgmtSnapshotsName>
		<m:properties__maven-deploy-plugin.version>2.8.1</m:properties__maven-deploy-plugin.version>
		<m:properties__maven-site-plugin.version>3.4</m:properties__maven-site-plugin.version>
		<m:dependency.management__com.cenqua.clover__clover__version>3.0.2</m:dependency.management__com.cenqua.clover__clover__version>
		<m:maven.plugins>org.apache.maven.plugins__maven-enforcer-plugin__null|org.apache.rat__apache-rat-plugin__null|null__maven-site-plugin__null|org.apache.felix__maven-bundle-plugin__null</m:maven.plugins>
	</info>
	<configurations>
		<conf name="default" visibility="public" description="runtime dependencies and master artifact can be used with this conf" extends="runtime,master"/>
		<conf name="master" visibility="public" description="contains only the artifact published by this module itself, with no transitive dependencies"/>
		<conf name="compile" visibility="public" description="this is the default scope, used if none is specified. Compile dependencies are available in all classpaths."/>
		<conf name="provided" visibility="public" description="this is much like compile, but indicates you expect the JDK or a container to provide it. It is only available on the compilation classpath, and is not transitive."/>
		<conf name="runtime" visibility="public" description="this scope indicates that the dependency is not required for compilation, but is for execution. It is in the runtime and test classpaths, but not the compile classpath." extends="compile"/>
		<conf name="test" visibility="private" description="this scope indicates that the dependency is not required for normal use of the application, and is only available for the test compilation and execution phases." extends="runtime"/>
		<conf name="system" visibility="public" description="this scope is similar to provided except that you have to provide the JAR which contains it explicitly. The artifact is always available and is not looked up in a repository."/>
		<conf name="sources" visibility="public" description="this configuration contains the source artifact of this module, if any."/>
		<conf name="javadoc" visibility="public" description="this configuration contains the javadoc artifact of this module, if any."/>
		<conf name="optional" visibility="public" description="contains all optional dependencies"/>
	</configurations>
	<publications>
	</publications>
</ivy-module>
