<?xml version="1.0" encoding="UTF-8"?>
<ivy-module version="2.0" xmlns:m="http://ant.apache.org/ivy/maven">
	<info organisation="com.sun.jersey"
		module="jersey-server"
		revision="1.9"
		status="release"
		publication="20110902111728"
	>
		<description homepage="" />
		<m:properties__project.build.sourceEncoding>UTF-8</m:properties__project.build.sourceEncoding>
		<m:properties__jackson.version>1.8.3</m:properties__jackson.version>
		<m:properties__jvnetDistMgmtSnapshotsUrl>https://maven.java.net/content/repositories/snapshots/</m:properties__jvnetDistMgmtSnapshotsUrl>
		<m:maven.plugins>org.apache.maven.plugins__maven-enforcer-plugin__1.0|org.apache.maven.plugins__maven-enforcer-plugin__1.0|org.codehaus.mojo__buildnumber-maven-plugin__null|org.apache.maven.plugins__maven-jar-plugin__null|org.codehaus.mojo__cobertura-maven-plugin__null|org.apache.maven.plugins__maven-enforcer-plugin__1.0|org.apache.maven.plugins__maven-enforcer-plugin__1.0|org.codehaus.mojo__buildnumber-maven-plugin__null|org.apache.maven.plugins__maven-jar-plugin__null|org.codehaus.mojo__cobertura-maven-plugin__null|org.apache.maven.plugins__maven-compiler-plugin__null|com.sun.tools.xjc.maven2__maven-jaxb-plugin__1.1.1|org.apache.felix__maven-bundle-plugin__null|org.apache.maven.plugins__maven-source-plugin__null</m:maven.plugins>
		<m:dependency.management__com.sun.xml.bind__jaxb-impl__version>2.2.3-1</m:dependency.management__com.sun.xml.bind__jaxb-impl__version>
		<m:dependency.management__junit__junit__version>4.8.2</m:dependency.management__junit__junit__version>
		<m:dependency.management__org.codehaus.jackson__jackson-core-asl__version>1.8.3</m:dependency.management__org.codehaus.jackson__jackson-core-asl__version>
		<m:dependency.management__org.codehaus.jackson__jackson-mapper-asl__version>1.8.3</m:dependency.management__org.codehaus.jackson__jackson-mapper-asl__version>
		<m:dependency.management__org.codehaus.jackson__jackson-jaxrs__version>1.8.3</m:dependency.management__org.codehaus.jackson__jackson-jaxrs__version>
		<m:dependency.management__org.codehaus.jackson__jackson-xc__version>1.8.3</m:dependency.management__org.codehaus.jackson__jackson-xc__version>
	</info>
	<configurations>
		<conf name="default" visibility="public" description="runtime dependencies and master artifact can be used with this conf" extends="runtime,master"/>
		<conf name="master" visibility="public" description="contains only the artifact published by this module itself, with no transitive dependencies"/>
		<conf name="compile" visibility="public" description="this is the default scope, used if none is specified. Compile dependencies are available in all classpaths."/>
		<conf name="provided" visibility="public" description="this is much like compile, but indicates you expect the JDK or a container to provide it. It is only available on the compilation classpath, and is not transitive."/>
		<conf name="runtime" visibility="public" description="this scope indicates that the dependency is not required for compilation, but is for execution. It is in the runtime and test classpaths, but not the compile classpath." extends="compile"/>
		<conf name="test" visibility="private" description="this scope indicates that the dependency is not required for normal use of the application, and is only available for the test compilation and execution phases." extends="runtime"/>
		<conf name="system" visibility="public" description="this scope is similar to provided except that you have to provide the JAR which contains it explicitly. The artifact is always available and is not looked up in a repository."/>
		<conf name="sources" visibility="public" description="this configuration contains the source artifact of this module, if any."/>
		<conf name="javadoc" visibility="public" description="this configuration contains the javadoc artifact of this module, if any."/>
		<conf name="optional" visibility="public" description="contains all optional dependencies"/>
	</configurations>
	<publications>
		<artifact name="jersey-server" type="bundle" ext="jar" conf="master"/>
		<artifact name="jersey-server" type="source" ext="jar" conf="sources" m:classifier="sources"/>
		<artifact name="jersey-server" type="javadoc" ext="jar" conf="javadoc" m:classifier="javadoc"/>
	</publications>
	<dependencies>
		<dependency org="asm" name="asm" rev="3.1" force="true" conf="compile->compile(*),master(*);runtime->runtime(*)"/>
		<dependency org="javax.persistence" name="persistence-api" rev="1.0" force="true" conf="provided->compile(*),provided(*),runtime(*),master(*)"/>
		<dependency org="javax.mail" name="mail" rev="1.4" force="true" conf="provided->compile(*),provided(*),runtime(*),master(*)"/>
		<dependency org="javax.xml.bind" name="jaxb-api" rev="2.1" force="true" conf="provided->compile(*),provided(*),runtime(*),master(*)"/>
		<dependency org="javax.servlet" name="javax.servlet-api" rev="3.0.1" force="true" conf="provided->compile(*),provided(*),runtime(*),master(*)"/>
		<dependency org="javax.servlet" name="jsp-api" rev="2.0" force="true" conf="provided->compile(*),provided(*),runtime(*),master(*)"/>
		<dependency org="org.glassfish" name="javax.ejb" rev="3.1" force="true" conf="provided->compile(*),provided(*),runtime(*),master(*)"/>
		<dependency org="org.jboss.weld" name="weld-osgi-bundle" rev="1.1.0.Final" force="true" conf="provided->compile(*),provided(*),runtime(*),master(*)"/>
		<dependency org="ant" name="ant" rev="1.6.5" force="true" conf="provided->compile(*),provided(*),runtime(*),master(*)"/>
		<dependency org="org.osgi" name="osgi_R4_core" rev="1.0" force="true" conf="provided->compile(*),provided(*),runtime(*),master(*)"/>
		<dependency org="junit" name="junit" rev="4.8.2" force="true" conf="test->runtime(*),master(*)"/>
		<dependency org="org.apache.commons" name="commons-io" rev="1.3.2" force="true" conf="test->runtime(*),master(*)"/>
		<override org="org.codehaus.jackson" module="jackson-xc" matcher="exact" rev="1.8.3"/>
		<override org="org.codehaus.jackson" module="jackson-core-asl" matcher="exact" rev="1.8.3"/>
		<override org="org.codehaus.jackson" module="jackson-mapper-asl" matcher="exact" rev="1.8.3"/>
		<override org="org.codehaus.jackson" module="jackson-jaxrs" matcher="exact" rev="1.8.3"/>
		<override org="junit" module="junit" matcher="exact" rev="4.8.2"/>
		<override org="com.sun.xml.bind" module="jaxb-impl" matcher="exact" rev="2.2.3-1"/>
	</dependencies>
</ivy-module>
