<?xml version="1.0" encoding="UTF-8"?>
<ivy-module version="2.0" xmlns:m="http://ant.apache.org/ivy/maven">
	<info organisation="com.google.protobuf"
		module="protobuf-java"
		revision="2.5.0"
		status="release"
		publication="20130308001811"
	>
		<license name="New BSD license" url="http://www.opensource.org/licenses/bsd-license.php" />
		<description homepage="http://code.google.com/p/protobuf">
		Protocol Buffers are a way of encoding structured data in an efficient yet
    extensible format.
		</description>
		<m:maven.plugins>null__maven-compiler-plugin__null|null__maven-surefire-plugin__null|null__maven-antrun-plugin__null|org.apache.felix__maven-bundle-plugin__null</m:maven.plugins>
	</info>
	<configurations>
		<conf name="default" visibility="public" description="runtime dependencies and master artifact can be used with this conf" extends="runtime,master"/>
		<conf name="master" visibility="public" description="contains only the artifact published by this module itself, with no transitive dependencies"/>
		<conf name="compile" visibility="public" description="this is the default scope, used if none is specified. Compile dependencies are available in all classpaths."/>
		<conf name="provided" visibility="public" description="this is much like compile, but indicates you expect the JDK or a container to provide it. It is only available on the compilation classpath, and is not transitive."/>
		<conf name="runtime" visibility="public" description="this scope indicates that the dependency is not required for compilation, but is for execution. It is in the runtime and test classpaths, but not the compile classpath." extends="compile"/>
		<conf name="test" visibility="private" description="this scope indicates that the dependency is not required for normal use of the application, and is only available for the test compilation and execution phases." extends="runtime"/>
		<conf name="system" visibility="public" description="this scope is similar to provided except that you have to provide the JAR which contains it explicitly. The artifact is always available and is not looked up in a repository."/>
		<conf name="sources" visibility="public" description="this configuration contains the source artifact of this module, if any."/>
		<conf name="javadoc" visibility="public" description="this configuration contains the javadoc artifact of this module, if any."/>
		<conf name="optional" visibility="public" description="contains all optional dependencies"/>
	</configurations>
	<publications>
		<artifact name="protobuf-java" type="bundle" ext="jar" conf="master"/>
		<artifact name="protobuf-java" type="source" ext="jar" conf="sources" m:classifier="sources"/>
		<artifact name="protobuf-java" type="javadoc" ext="jar" conf="javadoc" m:classifier="javadoc"/>
	</publications>
	<dependencies>
		<dependency org="junit" name="junit" rev="4.4" force="true" conf="test->runtime(*),master(*)"/>
		<dependency org="org.easymock" name="easymock" rev="2.2" force="true" conf="test->runtime(*),master(*)"/>
		<dependency org="org.easymock" name="easymockclassextension" rev="2.2.1" force="true" conf="test->runtime(*),master(*)"/>
	</dependencies>
</ivy-module>
